STATE,NPA,NXX,RATE CENTER ABBREVIATION,NOTES
AZ,520,491,FLAGSTAFF,
AZ,520,831,PRESCOTT,
AZ,520,921,SEDONA,
AZ,520,238,YUMA,
CA,209,212,FRESNO,
CA,209,218,FRESNO,
CA,209,220,FRESNO,
CA,209,240,FRESNO,
CA,209,246,FRESNO,
CA,209,363,FRESNO,
CA,209,731,FRESNO,
CA,209,861,FRESNO,
CA,209,873,FRESNO,
CA,209,902,FRESNO,
CA,209,903,FRESNO,
CA,209,907,FRESNO,
CA,209,908,FRESNO,
CA,209,909,FRESNO,
CA,209,967,FRESNO,
CA,209,974,FRESNO,
CA,209,977,FRESNO,
CA,209,978,FRESNO,
CA,209,999,FRESNO,
CA,213,208,CMTN GRDN,
CA,213,324,CMTN GRDN,
CA,213,366,CMTN GRDN,
CA,213,445,CMTN GRDN,
CA,213,591,CMTN GRDN,
CA,213,710,CMTN GRDN,
CA,310,629,LAKEWOOD,
CA,310,932,LAKEWOOD,
CA,408,804,HOLLISTER,
CA,408,319,SALINAS,
CA,408,405,SALINAS,
CA,408,587,SALINAS,
CA,408,602,SALINAS,
CA,408,651,SALINAS,
CA,408,670,SALINAS,
CA,408,671,SALINAS,
CA,408,672,SALINAS,
CA,408,803,SALINAS,
CA,408,810,SALINAS,
CA,408,812,SALINAS,
CA,408,968,SALINAS,
CA,530,766,SCRM MAIN,
CA,562,260,CMTN GRDN,
CA,562,300,CMTN GRDN,
CA,562,301,CMTN GRDN,
CA,562,397,CMTN GRDN,
CA,562,715,CMTN GRDN,
CA,562,761,CMTN GRDN,
CA,562,773,CMTN GRDN,
CA,562,818,CMTN GRDN,
CA,562,857,CMTN GRDN,
CA,562,858,CMTN GRDN,
CA,562,882,CMTN GRDN,
CA,562,883,CMTN GRDN,
CA,562,895,CMTN GRDN,
CA,562,897,CMTN GRDN,
CA,562,899,CMTN GRDN,
CA,714,608,CAPITRNVLY,
CA,714,915,LAGUNA BCH,
CA,760,612,SNDG SNDG,
CA,805,508,BKFD MAIN,
CA,805,828,BKFD MAIN,
CA,805,829,BKFD MAIN,
CA,805,838,BKFD MAIN,
CA,805,839,BKFD MAIN,
CA,805,841,BKFD MAIN,
CA,805,848,BKFD MAIN,
CA,805,860,BKFD MAIN,
CA,818,218,LSAN DA 01,
CA,818,283,LSAN DA 01,
CA,818,490,LSAN DA 01,
CA,818,613,LSAN DA 01,
CA,818,692,LSAN DA 01,
CA,818,693,LSAN DA 01,
CA,818,694,LSAN DA 01,
CA,909,819,ARLINGTON,
CA,909,502,CORONA,
CA,909,221,HEMT HEMT,
CA,909,209,RIVERSIDE,
CA,909,290,RIVERSIDE,
CA,909,339,RIVERSIDE,
CA,909,540,RIVERSIDE,
CA,909,812,RIVERSIDE,
CA,909,298,TEMECULA,
CA,909,668,TEMECULA,
CA,909,691,WOODCREST,
CA,916,998,CHICO,
CA,951,431,COLTON,
FL,813,200,TAMPA,"Green highlight - The TAMPA rate center in NPAs 813 and 941 no longer exists.   Central office codes can be requested under the TAMPACEN, TAMPAEST, TAMPANTH, TAMPASTH, or TAMPAWST rate centers (FL PSC Order No. PSC-01-2113-FOF-TP)."
FL,813,201,TAMPA,
FL,813,205,TAMPA,
FL,813,206,TAMPA,
FL,813,208,TAMPA,
FL,813,210,TAMPA,
FL,813,212,TAMPA,
FL,813,214,TAMPA,
FL,813,219,TAMPA,
FL,813,220,TAMPA,
FL,813,230,TAMPA,
FL,813,240,TAMPA,
FL,813,244,TAMPA,
FL,813,245,TAMPA,
FL,813,261,TAMPA,
FL,813,262,TAMPA,
FL,813,263,TAMPA,
FL,813,267,TAMPA,
FL,813,270,TAMPA,
FL,813,271,TAMPA,
FL,813,283,TAMPA,
FL,813,285,TAMPA,
FL,813,292,TAMPA,
FL,813,293,TAMPA,
FL,813,294,TAMPA,
FL,813,295,TAMPA,
FL,813,298,TAMPA,
FL,813,299,TAMPA,
FL,813,300,TAMPA,
FL,813,309,TAMPA,
FL,813,310,TAMPA,
FL,813,316,TAMPA,
FL,813,317,TAMPA,
FL,813,325,TAMPA,
FL,813,326,TAMPA,
FL,813,329,TAMPA,
FL,813,332,TAMPA,
FL,813,334,TAMPA,
FL,813,335,TAMPA,
FL,813,338,TAMPA,
FL,813,339,TAMPA,
FL,813,340,TAMPA,
FL,813,341,TAMPA,
FL,813,342,TAMPA,
FL,813,349,TAMPA,
FL,813,352,TAMPA,
FL,813,368,TAMPA,
FL,813,371,TAMPA,
FL,813,376,TAMPA,
FL,813,380,TAMPA,
FL,813,382,TAMPA,
FL,813,383,TAMPA,
FL,813,385,TAMPA,
FL,813,389,TAMPA,
FL,813,390,TAMPA,
FL,813,391,TAMPA,
FL,813,394,TAMPA,
FL,813,401,TAMPA,
FL,813,407,TAMPA,
FL,813,410,TAMPA,
FL,813,412,TAMPA,
FL,813,420,TAMPA,
FL,813,429,TAMPA,
FL,813,446,TAMPA,
FL,813,447,TAMPA,
FL,813,453,TAMPA,
FL,813,454,TAMPA,
FL,813,458,TAMPA,
FL,813,464,TAMPA,
FL,813,471,TAMPA,
FL,813,472,TAMPA,
FL,813,476,TAMPA,
FL,813,477,TAMPA,
FL,813,480,TAMPA,
FL,813,484,TAMPA,
FL,813,486,TAMPA,
FL,813,487,TAMPA,
FL,813,490,TAMPA,
FL,813,493,TAMPA,
FL,813,494,TAMPA,
FL,813,495,TAMPA,
FL,813,500,TAMPA,
FL,813,503,TAMPA,
FL,813,504,TAMPA,
FL,813,505,TAMPA,
FL,813,506,TAMPA,
FL,813,507,TAMPA,
FL,813,508,TAMPA,
FL,813,516,TAMPA,
FL,813,523,TAMPA,
FL,813,526,TAMPA,
FL,813,531,TAMPA,
FL,813,532,TAMPA,
FL,813,541,TAMPA,
FL,813,562,TAMPA,
FL,813,569,TAMPA,
FL,813,572,TAMPA,
FL,813,594,TAMPA,
FL,813,597,TAMPA,
FL,813,598,TAMPA,
FL,813,601,TAMPA,
FL,813,610,TAMPA,
FL,813,613,TAMPA,
FL,813,624,TAMPA,
FL,813,625,TAMPA,
FL,813,629,TAMPA,
FL,813,675,TAMPA,
FL,813,679,TAMPA,
FL,813,690,TAMPA,
FL,813,691,TAMPA,
FL,813,694,TAMPA,
FL,813,695,TAMPA,
FL,813,712,TAMPA,
FL,813,728,TAMPA,
FL,813,731,TAMPA,
FL,813,732,TAMPA,
FL,813,735,TAMPA,
FL,813,743,TAMPA,
FL,813,745,TAMPA,
FL,813,746,TAMPA,
FL,813,753,TAMPA,
FL,813,760,TAMPA,
FL,813,765,TAMPA,
FL,813,766,TAMPA,
FL,813,770,TAMPA,
FL,813,775,TAMPA,
FL,813,777,TAMPA,
FL,813,781,TAMPA,
FL,813,784,TAMPA,
FL,813,785,TAMPA,
FL,813,786,TAMPA,
FL,813,787,TAMPA,
FL,813,789,TAMPA,
FL,813,795,TAMPA,
FL,813,802,TAMPA,
FL,813,810,TAMPA,
FL,813,817,TAMPA,
FL,813,829,TAMPA,
FL,813,833,TAMPA,
FL,813,841,TAMPA,
FL,813,842,TAMPA,
FL,813,843,TAMPA,
FL,813,846,TAMPA,
FL,813,849,TAMPA,
FL,813,850,TAMPA,
FL,813,857,TAMPA,
FL,813,864,TAMPA,
FL,813,865,TAMPA,
FL,813,895,TAMPA,
FL,813,900,TAMPA,
FL,813,917,TAMPA,
FL,813,918,TAMPA,
FL,813,919,TAMPA,
FL,813,921,TAMPA,
FL,813,924,TAMPA,
FL,813,927,TAMPA,
FL,813,951,TAMPA,
FL,813,952,TAMPA,
FL,813,957,TAMPA,
FL,813,965,TAMPA,
FL,813,966,TAMPA,
FL,813,992,TAMPA,
GA,770,309,ATLANTA,
IL,224,208,BARTLETT,
IL,224,236,BARTLETT,
IL,224,394,BARTLETT,
IL,224,970,BARTLETT,
IL,312,735,CHICGOZN04,
IL,312,287,CHICGOZN07,
IL,312,301,HINSDALE,
IL,312,304,HINSDALE,
IL,312,314,HINSDALE,
IL,312,352,HINSDALE,
IL,312,510,HINSDALE,
IL,312,531,HINSDALE,
IL,312,699,HINSDALE,
IL,312,749,HINSDALE,
IL,312,816,HINSDALE,
IL,312,844,HINSDALE,
IL,312,990,HINSDALE,
IL,312,295,LA GRANGE,
IL,312,318,LA GRANGE,
IL,312,367,LA GRANGE,
IL,312,403,LA GRANGE,
IL,312,501,LA GRANGE,
IL,312,717,LA GRANGE,
IL,312,968,LA GRANGE,
IL,312,969,LA GRANGE,
IL,312,209,NORTHBROOK,
IL,312,305,NORTHBROOK,
IL,312,310,NORTHBROOK,
IL,312,231,ROSELLE,
IL,312,354,ROSELLE,
IL,312,215,WHEELING,
IL,312,246,WHEELING,
IL,312,303,WHEELING,
IL,312,317,WHEELING,
IL,312,331,WHEELING,
IL,312,406,WHEELING,
IL,312,412,WHEELING,
IL,312,518,WHEELING,
IL,312,524,WHEELING,
IL,312,615,WHEELING,
IL,312,865,WHEELING,
IL,312,991,WHEELING,
IL,630,222,CHICGOZN01,
IL,630,294,CHICGOZN01,
IL,630,591,CHICGOZN01,
IL,630,714,CHICGOZN01,
IL,630,400,ELGIN,
IL,630,497,ELGIN,
IL,630,503,ELGIN,
IL,630,883,ELGIN,
IL,630,255,MAYWOOD,
IL,630,683,MAYWOOD,
IL,630,838,MAYWOOD,
IL,630,204,NORTHBROOK,
IL,630,205,NORTHBROOK,
IL,630,263,NORTHBROOK,
IL,630,302,NORTHBROOK,
IL,630,309,NORTHBROOK,
IL,630,370,NORTHBROOK,
IL,630,404,NORTHBROOK,
IL,630,421,NORTHBROOK,
IL,630,459,NORTHBROOK,
IL,630,479,NORTHBROOK,
IL,630,508,NORTHBROOK,
IL,630,533,NORTHBROOK,
IL,630,564,NORTHBROOK,
IL,630,569,NORTHBROOK,
IL,630,650,NORTHBROOK,
IL,630,651,NORTHBROOK,
IL,630,669,NORTHBROOK,
IL,630,673,NORTHBROOK,
IL,630,674,NORTHBROOK,
IL,630,676,NORTHBROOK,
IL,630,695,NORTHBROOK,
IL,630,707,NORTHBROOK,
IL,630,721,NORTHBROOK,
IL,630,732,NORTHBROOK,
IL,630,745,NORTHBROOK,
IL,630,772,NORTHBROOK,
IL,630,816,NORTHBROOK,
IL,630,817,NORTHBROOK,
IL,630,843,NORTHBROOK,
IL,630,939,NORTHBROOK,
IL,630,951,NORTHBROOK,
IL,630,975,NORTHBROOK,
IL,630,989,NORTHBROOK,
IL,630,992,NORTHBROOK,
IL,630,269,SUMMIT,
IL,630,921,SUMMIT,
IL,630,212,WHEELING,
IL,630,244,WHEELING,
IL,630,253,WHEELING,
IL,630,502,WHEELING,
IL,630,902,WHEELING,
IL,630,913,WHEELING,
IL,630,970,WHEELING,
IL,708,591,CHICGOZN01,
IL,708,207,HINSDALE,
IL,708,214,HINSDALE,
IL,708,256,HINSDALE,
IL,708,280,HINSDALE,
IL,708,285,HINSDALE,
IL,708,408,HINSDALE,
IL,708,519,HINSDALE,
IL,708,528,HINSDALE,
IL,708,601,HINSDALE,
IL,708,642,HINSDALE,
IL,708,703,HINSDALE,
IL,708,819,HINSDALE,
IL,708,822,HINSDALE,
IL,708,828,HINSDALE,
IL,708,908,HINSDALE,
IL,708,912,HINSDALE,
IL,708,204,NORTHBROOK,
IL,708,281,NORTHBROOK,
IL,708,302,NORTHBROOK,
IL,708,309,NORTHBROOK,
IL,708,370,NORTHBROOK,
IL,708,376,NORTHBROOK,
IL,708,404,NORTHBROOK,
IL,708,417,NORTHBROOK,
IL,708,421,NORTHBROOK,
IL,708,451,NORTHBROOK,
IL,708,454,NORTHBROOK,
IL,708,461,NORTHBROOK,
IL,708,472,NORTHBROOK,
IL,708,508,NORTHBROOK,
IL,708,533,NORTHBROOK,
IL,708,569,NORTHBROOK,
IL,708,621,NORTHBROOK,
IL,708,644,NORTHBROOK,
IL,708,650,NORTHBROOK,
IL,708,651,NORTHBROOK,
IL,708,707,NORTHBROOK,
IL,708,721,NORTHBROOK,
IL,708,732,NORTHBROOK,
IL,708,772,NORTHBROOK,
IL,708,774,NORTHBROOK,
IL,708,806,NORTHBROOK,
IL,708,817,NORTHBROOK,
IL,708,881,NORTHBROOK,
IL,708,939,NORTHBROOK,
IL,708,944,NORTHBROOK,
IL,708,951,NORTHBROOK,
IL,708,975,NORTHBROOK,
IL,708,989,NORTHBROOK,
IL,708,992,NORTHBROOK,
IL,708,217,ROSELLE,
IL,708,220,ROSELLE,
IL,708,254,ROSELLE,
IL,708,278,ROSELLE,
IL,708,284,ROSELLE,
IL,708,287,ROSELLE,
IL,708,306,ROSELLE,
IL,708,337,ROSELLE,
IL,708,347,ROSELLE,
IL,708,363,ROSELLE,
IL,708,373,ROSELLE,
IL,708,380,ROSELLE,
IL,708,431,ROSELLE,
IL,708,436,ROSELLE,
IL,708,471,ROSELLE,
IL,708,494,ROSELLE,
IL,708,507,ROSELLE,
IL,708,525,ROSELLE,
IL,708,542,ROSELLE,
IL,708,558,ROSELLE,
IL,708,565,ROSELLE,
IL,708,602,ROSELLE,
IL,708,609,ROSELLE,
IL,708,610,ROSELLE,
IL,708,624,ROSELLE,
IL,708,641,ROSELLE,
IL,708,648,ROSELLE,
IL,708,702,ROSELLE,
IL,708,744,ROSELLE,
IL,708,751,ROSELLE,
IL,708,764,ROSELLE,
IL,708,767,ROSELLE,
IL,708,804,ROSELLE,
IL,708,807,ROSELLE,
IL,708,814,ROSELLE,
IL,708,826,ROSELLE,
IL,708,917,ROSELLE,
IL,708,977,ROSELLE,
IL,708,987,ROSELLE,
IL,708,997,ROSELLE,
IL,708,212,WHEELING,
IL,708,291,WHEELING,
IL,708,502,WHEELING,
IL,708,805,WHEELING,
IL,708,902,WHEELING,
IL,708,903,WHEELING,
IL,708,909,WHEELING,
IL,773,201,CHICGOZN01,
IL,773,203,CHICGOZN01,
IL,773,204,CHICGOZN01,
IL,773,206,CHICGOZN01,
IL,773,207,CHICGOZN01,
IL,773,208,CHICGOZN01,
IL,773,210,CHICGOZN01,
IL,773,213,CHICGOZN01,
IL,773,214,CHICGOZN01,
IL,773,215,CHICGOZN01,
IL,773,216,CHICGOZN01,
IL,773,218,CHICGOZN01,
IL,773,222,CHICGOZN01,
IL,773,228,CHICGOZN01,
IL,773,232,CHICGOZN01,
IL,773,246,CHICGOZN01,
IL,773,258,CHICGOZN01,
IL,773,259,CHICGOZN01,
IL,773,266,CHICGOZN01,
IL,773,307,CHICGOZN01,
IL,773,315,CHICGOZN01,
IL,773,316,CHICGOZN01,
IL,773,317,CHICGOZN01,
IL,773,320,CHICGOZN01,
IL,773,330,CHICGOZN01,
IL,773,335,CHICGOZN01,
IL,773,339,CHICGOZN01,
IL,773,343,CHICGOZN01,
IL,773,350,CHICGOZN01,
IL,773,351,CHICGOZN01,
IL,773,352,CHICGOZN01,
IL,773,354,CHICGOZN01,
IL,773,369,CHICGOZN01,
IL,773,370,CHICGOZN01,
IL,773,386,CHICGOZN01,
IL,773,390,CHICGOZN01,
IL,773,391,CHICGOZN01,
IL,773,392,CHICGOZN01,
IL,773,393,CHICGOZN01,
IL,773,401,CHICGOZN01,
IL,773,402,CHICGOZN01,
IL,773,405,CHICGOZN01,
IL,773,415,CHICGOZN01,
IL,773,416,CHICGOZN01,
IL,773,419,CHICGOZN01,
IL,773,421,CHICGOZN01,
IL,773,422,CHICGOZN01,
IL,773,428,CHICGOZN01,
IL,773,438,CHICGOZN01,
IL,773,443,CHICGOZN01,
IL,773,447,CHICGOZN01,
IL,773,448,CHICGOZN01,
IL,773,450,CHICGOZN01,
IL,773,452,CHICGOZN01,
IL,773,459,CHICGOZN01,
IL,773,460,CHICGOZN01,
IL,773,461,CHICGOZN01,
IL,773,464,CHICGOZN01,
IL,773,469,CHICGOZN01,
IL,773,480,CHICGOZN01,
IL,773,485,CHICGOZN01,
IL,773,495,CHICGOZN01,
IL,773,497,CHICGOZN01,
IL,773,502,CHICGOZN01,
IL,773,504,CHICGOZN01,
IL,773,505,CHICGOZN01,
IL,773,513,CHICGOZN01,
IL,773,515,CHICGOZN01,
IL,773,517,CHICGOZN01,
IL,773,518,CHICGOZN01,
IL,773,519,CHICGOZN01,
IL,773,520,CHICGOZN01,
IL,773,532,CHICGOZN01,
IL,773,544,CHICGOZN01,
IL,773,547,CHICGOZN01,
IL,773,550,CHICGOZN01,
IL,773,552,CHICGOZN01,
IL,773,555,CHICGOZN01,
IL,773,560,CHICGOZN01,
IL,773,566,CHICGOZN01,
IL,773,576,CHICGOZN01,
IL,773,578,CHICGOZN01,
IL,773,590,CHICGOZN01,
IL,773,591,CHICGOZN01,
IL,773,593,CHICGOZN01,
IL,773,607,CHICGOZN01,
IL,773,608,CHICGOZN01,
IL,773,612,CHICGOZN01,
IL,773,613,CHICGOZN01,
IL,773,616,CHICGOZN01,
IL,773,617,CHICGOZN01,
IL,773,618,CHICGOZN01,
IL,773,623,CHICGOZN01,
IL,773,636,CHICGOZN01,
IL,773,652,CHICGOZN01,
IL,773,659,CHICGOZN01,
IL,773,662,CHICGOZN01,
IL,773,671,CHICGOZN01,
IL,773,689,CHICGOZN01,
IL,773,716,CHICGOZN01,
IL,773,718,CHICGOZN01,
IL,773,719,CHICGOZN01,
IL,773,720,CHICGOZN01,
IL,773,748,CHICGOZN01,
IL,773,758,CHICGOZN01,
IL,773,760,CHICGOZN01,
IL,773,771,CHICGOZN01,
IL,773,781,CHICGOZN01,
IL,773,802,CHICGOZN01,
IL,773,805,CHICGOZN01,
IL,773,806,CHICGOZN01,
IL,773,810,CHICGOZN01,
IL,773,813,CHICGOZN01,
IL,773,818,CHICGOZN01,
IL,773,820,CHICGOZN01,
IL,773,833,CHICGOZN01,
IL,773,835,CHICGOZN01,
IL,773,841,CHICGOZN01,
IL,773,842,CHICGOZN01,
IL,773,845,CHICGOZN01,
IL,773,848,CHICGOZN01,
IL,773,852,CHICGOZN01,
IL,773,859,CHICGOZN01,
IL,773,860,CHICGOZN01,
IL,773,879,CHICGOZN01,
IL,773,882,CHICGOZN01,
IL,773,895,CHICGOZN01,
IL,773,898,CHICGOZN01,
IL,773,908,CHICGOZN01,
IL,773,909,CHICGOZN01,
IL,773,910,CHICGOZN01,
IL,773,914,CHICGOZN01,
IL,773,919,CHICGOZN01,
IL,773,923,CHICGOZN01,
IL,773,965,CHICGOZN01,
IL,773,972,CHICGOZN01,
IL,773,988,CHICGOZN01,
IL,815,294,LA GRANGE,
IL,815,481,LA GRANGE,
IL,815,488,LA GRANGE,
IL,815,533,LA GRANGE,
IL,815,536,LA GRANGE,
IL,815,767,LA GRANGE,
IL,815,241,NORTHBROOK,
IL,847,798,BARTLETT,
IL,847,893,BARTLETT,
IL,847,591,CHICGOZN01,
IL,847,207,HINSDALE,
IL,847,209,HINSDALE,
IL,847,280,HINSDALE,
IL,847,408,HINSDALE,
IL,847,528,HINSDALE,
IL,847,560,HINSDALE,
IL,847,601,HINSDALE,
IL,847,642,HINSDALE,
IL,847,703,HINSDALE,
IL,847,819,HINSDALE,
IL,847,822,HINSDALE,
IL,847,828,HINSDALE,
IL,847,308,LA GRANGE,
IL,847,319,LA GRANGE,
IL,847,334,LA GRANGE,
IL,847,341,LA GRANGE,
IL,847,344,LA GRANGE,
IL,847,351,LA GRANGE,
IL,847,399,LA GRANGE,
IL,847,422,LA GRANGE,
IL,847,476,LA GRANGE,
IL,847,567,LA GRANGE,
IL,847,606,LA GRANGE,
IL,847,638,LA GRANGE,
IL,847,661,LA GRANGE,
IL,847,710,LA GRANGE,
IL,847,712,LA GRANGE,
IL,847,727,LA GRANGE,
IL,847,738,LA GRANGE,
IL,847,833,LA GRANGE,
IL,847,846,LA GRANGE,
IL,847,889,LA GRANGE,
IL,847,927,LA GRANGE,
IL,847,988,LA GRANGE,
IL,847,269,SUMMIT,
MA,508,265,ANDOVER,
MA,508,878,CAMBRIDGE,
MA,508,331,FITCHBURG,
MA,508,284,GLOUCESTER,
MA,508,517,WESTFORD,
MA,617,365,DEDHAM,
MA,617,462,DEDHAM,
MA,617,640,DEDHAM,
MA,617,759,DEDHAM,
MA,617,688,KINGSTON,
MA,617,605,MALDEN,
MA,617,771,MALDEN,
MA,617,957,MELROSE,
MA,617,240,SAUGUS,
MA,617,257,SAUGUS,
MA,617,285,SAUGUS,
MA,617,529,SAUGUS,
MA,617,548,SAUGUS,
MA,617,791,SAUGUS,
MA,617,797,SAUGUS,
MA,617,281,WALTHAM,
MA,617,538,WALTHAM,
MA,617,633,WALTHAM,
MA,617,930,WALTHAM,
MA,617,962,WALTHAM,
MA,617,966,WALTHAM,
MA,617,967,WALTHAM,
MA,617,968,WALTHAM,
MA,617,974,WALTHAM,
MA,617,827,WEYMOUTH,
MA,781,931,BOSTON,
MI,810,459,PONTIAC,
MI,810,508,PONTIAC,
MI,810,571,PONTIAC,
MI,810,217,SOUTHFIELD,
MI,810,343,SOUTHFIELD,
MI,810,499,SOUTHFIELD,
MI,810,523,SOUTHFIELD,
MI,810,533,SOUTHFIELD,
MI,810,560,SOUTHFIELD,
MI,810,602,SOUTHFIELD,
MN,612,390,CAMBRIDGE,
MN,612,570,CAMBRIDGE,
NJ,201,247,CALDWELL,
NJ,201,396,CALDWELL,
NJ,201,452,CALDWELL,
NJ,201,704,CALDWELL,
NJ,201,953,CALDWELL,
NJ,201,954,CALDWELL,
NJ,201,213,MORRISTOWN,
NJ,201,274,MORRISTOWN,
NJ,201,323,MORRISTOWN,
NJ,201,400,MORRISTOWN,
NJ,201,404,MORRISTOWN,
NJ,201,412,MORRISTOWN,
NJ,201,415,MORRISTOWN,
NJ,201,454,MORRISTOWN,
NJ,201,486,MORRISTOWN,
NJ,201,506,MORRISTOWN,
NJ,201,513,MORRISTOWN,
NJ,201,572,MORRISTOWN,
NJ,201,602,MORRISTOWN,
NJ,201,650,MORRISTOWN,
NJ,201,715,MORRISTOWN,
NJ,201,738,MORRISTOWN,
NJ,201,787,MORRISTOWN,
NJ,201,826,MORRISTOWN,
NJ,201,859,MORRISTOWN,
NJ,201,910,MORRISTOWN,
NJ,201,919,MORRISTOWN,
NJ,201,924,MORRISTOWN,
NJ,201,207,NEWARK,
NJ,201,259,NEWARK,
NJ,201,303,NEWARK,
NJ,201,306,NEWARK,
NJ,201,341,NEWARK,
NJ,201,349,NEWARK,
NJ,201,407,NEWARK,
NJ,201,409,NEWARK,
NJ,201,463,NEWARK,
NJ,201,480,NEWARK,
NJ,201,532,NEWARK,
NJ,201,563,NEWARK,
NJ,201,618,NEWARK,
NJ,201,619,NEWARK,
NJ,201,629,NEWARK,
NJ,201,698,NEWARK,
NJ,201,709,NEWARK,
NJ,201,810,NEWARK,
NJ,201,852,NEWARK,
NJ,201,929,NEWARK,
NJ,201,757,PASSAIC,
NJ,201,230,SUCCASUNNA,
NJ,201,317,SUCCASUNNA,
NJ,201,841,SUCCASUNNA,
NJ,201,874,SUCCASUNNA,
NJ,609,364,BRIDGETON,
NJ,609,501,BRIDGETON,
NJ,609,579,BRIDGETON,
NJ,609,774,BRIDGETON,
NJ,609,805,BRIDGETON,
NJ,609,299,CAMDEN,
NJ,609,504,CAMDEN,
NJ,609,590,CAMDEN,
NJ,609,636,CAMDEN,
NJ,609,841,CAMDEN,
NJ,609,876,CAMDEN,
NJ,609,932,CAMDEN,
NJ,609,332,COLLINGSWD,
NJ,609,792,COLLINGSWD,
NJ,609,206,HADDON HTS,
NJ,609,238,HADDON HTS,
NJ,609,313,HADDON HTS,
NJ,609,314,HADDON HTS,
NJ,609,315,HADDON HTS,
NJ,609,405,HADDON HTS,
NJ,609,413,HADDON HTS,
NJ,609,471,HADDON HTS,
NJ,609,472,HADDON HTS,
NJ,609,519,HADDON HTS,
NJ,609,605,HADDON HTS,
NJ,609,682,HADDON HTS,
NJ,609,707,HADDON HTS,
NJ,609,828,HADDON HTS,
NJ,609,922,HADDON HTS,
NJ,609,941,HADDON HTS,
NJ,609,217,HADDONFLD,
NJ,609,220,HADDONFLD,
NJ,609,230,HADDONFLD,
NJ,609,280,HADDONFLD,
NJ,609,320,HADDONFLD,
NJ,609,330,HADDONFLD,
NJ,609,352,HADDONFLD,
NJ,609,417,HADDONFLD,
NJ,609,440,HADDONFLD,
NJ,609,458,HADDONFLD,
NJ,609,502,HADDONFLD,
NJ,609,505,HADDONFLD,
NJ,609,506,HADDONFLD,
NJ,609,509,HADDONFLD,
NJ,609,560,HADDONFLD,
NJ,609,634,HADDONFLD,
NJ,609,670,HADDONFLD,
NJ,609,680,HADDONFLD,
NJ,609,685,HADDONFLD,
NJ,609,706,HADDONFLD,
NJ,609,790,HADDONFLD,
NJ,609,820,HADDONFLD,
NJ,609,868,HADDONFLD,
NJ,609,870,HADDONFLD,
NJ,609,929,HADDONFLD,
NJ,609,980,HADDONFLD,
NJ,609,247,MILLVILLE,
NJ,609,319,MILLVILLE,
NJ,609,304,MOORESTOWN,
NJ,609,410,MOORESTOWN,
NJ,609,744,MOORESTOWN,
NJ,609,760,MOORESTOWN,
NJ,609,781,MOORESTOWN,
NJ,609,923,MOORESTOWN,
NJ,609,254,MULLICA HL,
NJ,609,381,VINELAND,
NJ,609,221,WOODBURY,
NJ,609,617,WOODBURY,
NJ,609,970,WOODBURY,
NJ,732,717,LINDEN,
NJ,856,370,PLEASANTVL,
NJ,908,385,DUNELLEN,
NJ,908,216,FREEHOLD,
NJ,908,415,FREEHOLD,
NJ,908,482,FREEHOLD,
NJ,908,492,FREEHOLD,
NJ,908,513,FREEHOLD,
NJ,908,596,FREEHOLD,
NJ,908,610,FREEHOLD,
NJ,908,614,FREEHOLD,
NJ,908,618,FREEHOLD,
NJ,908,670,FREEHOLD,
NJ,908,692,FREEHOLD,
NJ,908,770,FREEHOLD,
NJ,908,804,FREEHOLD,
NJ,908,839,FREEHOLD,
NJ,908,890,FREEHOLD,
NJ,908,907,FREEHOLD,
NJ,908,915,FREEHOLD,
NJ,908,207,LAKEWOOD,
NJ,908,309,LONGBRANCH,
NJ,908,433,LONGBRANCH,
NJ,908,489,LONGBRANCH,
NJ,908,675,LONGBRANCH,
NJ,908,217,METUCHEN,
NJ,908,510,METUCHEN,
NJ,908,565,METUCHEN,
NJ,908,930,METUCHEN,
NJ,908,461,MIDDLETOWN,
NJ,908,601,MIDDLETOWN,
NJ,908,902,MIDDLETOWN,
NJ,908,202,NEWBRNSWCK,
NJ,908,208,NEWBRNSWCK,
NJ,908,227,NEWBRNSWCK,
NJ,908,239,NEWBRNSWCK,
NJ,908,250,NEWBRNSWCK,
NJ,908,307,NEWBRNSWCK,
NJ,908,331,NEWBRNSWCK,
NJ,908,413,NEWBRNSWCK,
NJ,908,420,NEWBRNSWCK,
NJ,908,421,NEWBRNSWCK,
NJ,908,480,NEWBRNSWCK,
NJ,908,616,NEWBRNSWCK,
NJ,908,641,NEWBRNSWCK,
NJ,908,705,NEWBRNSWCK,
NJ,908,720,NEWBRNSWCK,
NJ,908,812,NEWBRNSWCK,
NJ,908,338,PERTHAMBOY,
NJ,908,406,PERTHAMBOY,
NJ,908,407,PERTHAMBOY,
NJ,908,501,PERTHAMBOY,
NJ,908,586,PERTHAMBOY,
NJ,908,599,PERTHAMBOY,
NJ,908,646,PERTHAMBOY,
NJ,908,715,PERTHAMBOY,
NJ,908,794,PERTHAMBOY,
NJ,908,816,PERTHAMBOY,
NJ,908,881,PERTHAMBOY,
NJ,908,896,PERTHAMBOY,
NJ,908,380,RAHWAY,
NJ,908,472,RAHWAY,
NJ,908,278,TOMS RIVER,
NJ,908,330,TOMS RIVER,
NJ,908,600,TOMS RIVER,
NJ,908,773,TOMS RIVER,
NJ,908,783,TOMS RIVER,
NJ,908,814,TOMS RIVER,
NJ,908,910,TOMS RIVER,
NY,516,264,AMITYVILLE,
NY,516,598,AMITYVILLE,
NY,516,691,AMITYVILLE,
NY,516,230,BRENTWOOD,
NY,516,258,BRENTWOOD,
NY,516,275,BRENTWOOD,
NY,516,276,BRENTWOOD,
NY,516,278,BRENTWOOD,
NY,516,339,BRENTWOOD,
NY,516,356,BRENTWOOD,
NY,516,429,BRENTWOOD,
NY,516,707,BRENTWOOD,
NY,516,903,BRENTWOOD,
NY,516,906,BRENTWOOD,
NY,516,607,CENTRAISLP,
NY,516,810,CENTRAISLP,
NY,516,909,CENTRAISLP,
NY,516,983,CENTRAISLP,
NY,516,991,CENTRAISLP,
NY,516,440,PTJEFFERSN,
NY,516,380,SELDEN,
NY,516,381,SELDEN,
NY,516,383,SELDEN,
NY,516,397,SELDEN,
NY,516,438,SELDEN,
NY,516,443,SELDEN,
NY,516,446,SELDEN,
NY,516,449,SELDEN,
NY,516,480,SELDEN,
NY,516,527,SELDEN,
NY,516,556,SELDEN,
NY,516,617,SELDEN,
NY,516,635,SELDEN,
NY,516,658,SELDEN,
NY,516,702,SELDEN,
NY,516,768,SELDEN,
NY,516,769,SELDEN,
NY,516,818,SELDEN,
NY,516,819,SELDEN,
NY,516,848,SELDEN,
NY,516,885,SELDEN,
NY,516,901,SELDEN,
NY,516,948,SELDEN,
NY,516,971,SELDEN,
NY,516,982,SELDEN,
NY,516,994,SELDEN,
NY,914,388,KINGSTON,
NY,914,389,KINGSTON,
NY,914,399,KINGSTON,
NY,914,466,KINGSTON,
NY,914,706,KINGSTON,
NY,914,283,MIDDLETOWN,
NY,914,443,MIDDLETOWN,
NY,914,850,MIDDLETOWN,
NY,914,978,MIDDLETOWN,
NY,914,797,MONTICELLO,
NY,914,799,MONTICELLO,
NY,914,866,MONTICELLO,
NY,914,527,NANUET,
NY,914,213,NEWBURGH,
NY,914,541,NEWBURGH,
NY,914,542,NEWBURGH,
NY,914,755,NEWBURGH,
NY,914,805,NEWBURGH,
NY,914,204,POUGHKEPSI,
NY,914,453,POUGHKEPSI,
NY,914,456,POUGHKEPSI,
NY,914,464,POUGHKEPSI,
NY,914,474,POUGHKEPSI,
NY,914,475,POUGHKEPSI,
NY,914,489,POUGHKEPSI,
NY,914,503,POUGHKEPSI,
NY,914,264,SPRING VLY,
NY,914,906,SPRING VLY,
PA,412,671,BEAVER FLS,
PA,412,908,BEAVER FLS,
PA,412,603,BUTLER,
PA,412,614,BUTLER,
PA,412,629,BUTLER,
PA,412,585,CRIDERSCOR,
PA,412,554,GREENSBURG,
PA,412,558,GREENSBURG,
PA,412,601,GREENSBURG,
PA,412,610,GREENSBURG,
PA,412,817,GREENSBURG,
PA,412,289,INDIANA,
PA,412,309,INDIANA,
PA,412,549,KITTANNING,
PA,412,972,ROCHESTER,
PA,412,974,ROCHESTER,
PA,412,582,UNIONTOWN,
PA,412,691,UNIONTOWN,
PA,412,217,WASHINGTON,
PA,412,296,WASHINGTON,
PA,412,994,WASHINGTON,
PA,412,997,WASHINGTON,
TX,817,403,DENTON,
TX,817,997,DENTON,
